,class_code,group,category,class,group_des,category_des,class_des
0,1010002,1,1,2,"ACCOMMODATION, EATING AND DRINKING",ACCOMMODATION,"Camping, Caravanning, Mobile Homes, Holiday Parks and Centres"
1,1010003,1,1,3,"ACCOMMODATION, EATING AND DRINKING",ACCOMMODATION,Bed and Breakfast and Backpacker Accommodation
2,1010005,1,1,5,"ACCOMMODATION, EATING AND DRINKING",ACCOMMODATION,Hostels and Refuges for the Homeless
3,1010006,1,1,6,"ACCOMMODATION, EATING AND DRINKING",ACCOMMODATION,"Hotels, Motels, Country Houses and Inns"
4,1010007,1,1,7,"ACCOMMODATION, EATING AND DRINKING",ACCOMMODATION,Self Catering
5,1010008,1,1,8,"ACCOMMODATION, EATING AND DRINKING",ACCOMMODATION,Timeshare
6,1010009,1,1,9,"ACCOMMODATION, EATING AND DRINKING",ACCOMMODATION,Youth Accommodation
7,1020012,1,2,12,"ACCOMMODATION, EATING AND DRINKING",EATING AND DRINKING,Banqueting and Function Rooms
8,1020013,1,2,13,"ACCOMMODATION, EATING AND DRINKING",EATING AND DRINKING,"Cafes, Snack Bars and Tea Rooms"
9,1020018,1,2,18,"ACCOMMODATION, EATING AND DRINKING",EATING AND DRINKING,Fast Food and Takeaway Outlets
10,1020019,1,2,19,"ACCOMMODATION, EATING AND DRINKING",EATING AND DRINKING,Fast Food Delivery Services
11,1020020,1,2,20,"ACCOMMODATION, EATING AND DRINKING",EATING AND DRINKING,Fish and Chip Shops
12,1020025,1,2,25,"ACCOMMODATION, EATING AND DRINKING",EATING AND DRINKING,Internet Cafes
13,1020034,1,2,34,"ACCOMMODATION, EATING AND DRINKING",EATING AND DRINKING,"Pubs, Bars and Inns"
14,1020043,1,2,43,"ACCOMMODATION, EATING AND DRINKING",EATING AND DRINKING,Restaurants
15,2030044,2,3,44,COMMERCIAL SERVICES,CONSTRUCTION SERVICES,Metalworkers Including Blacksmiths
16,2030045,2,3,45,COMMERCIAL SERVICES,CONSTRUCTION SERVICES,Building Contractors
17,2030046,2,3,46,COMMERCIAL SERVICES,CONSTRUCTION SERVICES,Construction Completion Services
18,2030047,2,3,47,COMMERCIAL SERVICES,CONSTRUCTION SERVICES,Construction Plant
19,2030048,2,3,48,COMMERCIAL SERVICES,CONSTRUCTION SERVICES,"Cutting, Drilling and Welding Services"
20,2030049,2,3,49,COMMERCIAL SERVICES,CONSTRUCTION SERVICES,Demolition Services
21,2030050,2,3,50,COMMERCIAL SERVICES,CONSTRUCTION SERVICES,Diving Services
22,2030051,2,3,51,COMMERCIAL SERVICES,CONSTRUCTION SERVICES,Electrical Contractors
23,2030052,2,3,52,COMMERCIAL SERVICES,CONSTRUCTION SERVICES,"Gardening, Landscaping and Tree Surgery Services"
24,2030053,2,3,53,COMMERCIAL SERVICES,CONSTRUCTION SERVICES,Glaziers
25,2030054,2,3,54,COMMERCIAL SERVICES,CONSTRUCTION SERVICES,Painting and Decorating Services
26,2030055,2,3,55,COMMERCIAL SERVICES,CONSTRUCTION SERVICES,Plasterers
27,2030056,2,3,56,COMMERCIAL SERVICES,CONSTRUCTION SERVICES,Plumbing and Heating Services
28,2030057,2,3,57,COMMERCIAL SERVICES,CONSTRUCTION SERVICES,Pool and Court Construction
29,2030058,2,3,58,COMMERCIAL SERVICES,CONSTRUCTION SERVICES,Restoration and Preservation Services
30,2030059,2,3,59,COMMERCIAL SERVICES,CONSTRUCTION SERVICES,Road Construction Services
31,2030060,2,3,60,COMMERCIAL SERVICES,CONSTRUCTION SERVICES,Roofing and Chimney Services
32,2030778,2,3,778,COMMERCIAL SERVICES,CONSTRUCTION SERVICES,Fencing and Drystone Walling Services
33,2030779,2,3,779,COMMERCIAL SERVICES,CONSTRUCTION SERVICES,Building and Component Suppliers
34,2040063,2,4,63,COMMERCIAL SERVICES,CONSULTANCIES,Architectural and Building-Related Consultants
35,2040064,2,4,64,COMMERCIAL SERVICES,CONSULTANCIES,Business-Related Consultants
36,2040065,2,4,65,COMMERCIAL SERVICES,CONSULTANCIES,Computer Consultants
37,2040066,2,4,66,COMMERCIAL SERVICES,CONSULTANCIES,Construction Service Consultants
38,2040067,2,4,67,COMMERCIAL SERVICES,CONSULTANCIES,"Feng Shui Consultants, Furnishers and Shop Fitters"
39,2040068,2,4,68,COMMERCIAL SERVICES,CONSULTANCIES,Food Consultants
40,2040069,2,4,69,COMMERCIAL SERVICES,CONSULTANCIES,Image Consultants
41,2040070,2,4,70,COMMERCIAL SERVICES,CONSULTANCIES,Interpretation and Translation Consultants
42,2040071,2,4,71,COMMERCIAL SERVICES,CONSULTANCIES,Security Consultants
43,2040072,2,4,72,COMMERCIAL SERVICES,CONSULTANCIES,Telecommunications Consultants
44,2040074,2,4,74,COMMERCIAL SERVICES,CONSULTANCIES,Traffic Management and Transport Related Consultants
45,2050075,2,5,75,COMMERCIAL SERVICES,EMPLOYMENT AND CAREER AGENCIES,Careers Offices and Armed Forces Recruitment
46,2050076,2,5,76,COMMERCIAL SERVICES,EMPLOYMENT AND CAREER AGENCIES,Domestic Staff and Home Help
47,2050077,2,5,77,COMMERCIAL SERVICES,EMPLOYMENT AND CAREER AGENCIES,Driver Agencies
48,2050078,2,5,78,COMMERCIAL SERVICES,EMPLOYMENT AND CAREER AGENCIES,Employment Agencies
49,2050079,2,5,79,COMMERCIAL SERVICES,EMPLOYMENT AND CAREER AGENCIES,Modelling and Theatrical Agencies
50,2050081,2,5,81,COMMERCIAL SERVICES,EMPLOYMENT AND CAREER AGENCIES,Nursing Agencies
51,2060083,2,6,83,COMMERCIAL SERVICES,ENGINEERING SERVICES,Aviation Engineers
52,2060084,2,6,84,COMMERCIAL SERVICES,ENGINEERING SERVICES,Chemical Engineers
53,2060085,2,6,85,COMMERCIAL SERVICES,ENGINEERING SERVICES,Civil Engineers
54,2060086,2,6,86,COMMERCIAL SERVICES,ENGINEERING SERVICES,Electrical and Electronic Engineers
55,2060087,2,6,87,COMMERCIAL SERVICES,ENGINEERING SERVICES,Hydraulic Engineers
56,2060088,2,6,88,COMMERCIAL SERVICES,ENGINEERING SERVICES,Industrial Engineers
57,2060089,2,6,89,COMMERCIAL SERVICES,ENGINEERING SERVICES,Instrumentation Engineers
58,2060090,2,6,90,COMMERCIAL SERVICES,ENGINEERING SERVICES,Marine Engineers and Services
59,2060091,2,6,91,COMMERCIAL SERVICES,ENGINEERING SERVICES,Mechanical Engineers
60,2060092,2,6,92,COMMERCIAL SERVICES,ENGINEERING SERVICES,Pneumatic Engineers
61,2060093,2,6,93,COMMERCIAL SERVICES,ENGINEERING SERVICES,Precision Engineers
62,2060094,2,6,94,COMMERCIAL SERVICES,ENGINEERING SERVICES,Structural Engineers
63,2070095,2,7,95,COMMERCIAL SERVICES,CONTRACT SERVICES,Agricultural Contractors
64,2070096,2,7,96,COMMERCIAL SERVICES,CONTRACT SERVICES,Aircraft Charters
65,2070098,2,7,98,COMMERCIAL SERVICES,CONTRACT SERVICES,Catering Services
66,2070100,2,7,100,COMMERCIAL SERVICES,CONTRACT SERVICES,Contract Cleaning Services
67,2070101,2,7,101,COMMERCIAL SERVICES,CONTRACT SERVICES,Display and Window Dressers
68,2070102,2,7,102,COMMERCIAL SERVICES,CONTRACT SERVICES,Drain and Sewage Clearance
69,2070105,2,7,105,COMMERCIAL SERVICES,CONTRACT SERVICES,Linen Hire and Washroom Services
70,2070107,2,7,107,COMMERCIAL SERVICES,CONTRACT SERVICES,Office Services
71,2070108,2,7,108,COMMERCIAL SERVICES,CONTRACT SERVICES,Packers
72,2070109,2,7,109,COMMERCIAL SERVICES,CONTRACT SERVICES,Pest and Vermin Control
73,2080114,2,8,114,COMMERCIAL SERVICES,"IT, ADVERTISING, MARKETING AND MEDIA SERVICES",Advertising Services
74,2080115,2,8,115,COMMERCIAL SERVICES,"IT, ADVERTISING, MARKETING AND MEDIA SERVICES","Artists, Illustrators and Calligraphers"
75,2080116,2,8,116,COMMERCIAL SERVICES,"IT, ADVERTISING, MARKETING AND MEDIA SERVICES",Computer Security
76,2080117,2,8,117,COMMERCIAL SERVICES,"IT, ADVERTISING, MARKETING AND MEDIA SERVICES",Computer Systems Services
77,2080118,2,8,118,COMMERCIAL SERVICES,"IT, ADVERTISING, MARKETING AND MEDIA SERVICES",Concert/Exhibition Organisers and Services
78,2080119,2,8,119,COMMERCIAL SERVICES,"IT, ADVERTISING, MARKETING AND MEDIA SERVICES",Database Services
79,2080120,2,8,120,COMMERCIAL SERVICES,"IT, ADVERTISING, MARKETING AND MEDIA SERVICES",Desktop Publishing Services
80,2080121,2,8,121,COMMERCIAL SERVICES,"IT, ADVERTISING, MARKETING AND MEDIA SERVICES",Electronic and Internet Publishers
81,2080122,2,8,122,COMMERCIAL SERVICES,"IT, ADVERTISING, MARKETING AND MEDIA SERVICES",Film and Video Services
82,2080123,2,8,123,COMMERCIAL SERVICES,"IT, ADVERTISING, MARKETING AND MEDIA SERVICES",General Computer Services
83,2080124,2,8,124,COMMERCIAL SERVICES,"IT, ADVERTISING, MARKETING AND MEDIA SERVICES",Internet Services
84,2080125,2,8,125,COMMERCIAL SERVICES,"IT, ADVERTISING, MARKETING AND MEDIA SERVICES",Literary Services
85,2080126,2,8,126,COMMERCIAL SERVICES,"IT, ADVERTISING, MARKETING AND MEDIA SERVICES",Mailing and Other Information Services
86,2080127,2,8,127,COMMERCIAL SERVICES,"IT, ADVERTISING, MARKETING AND MEDIA SERVICES",Marketing Services
87,2080128,2,8,128,COMMERCIAL SERVICES,"IT, ADVERTISING, MARKETING AND MEDIA SERVICES","Plate Makers, Print Finishers and Type Setters"
88,2080129,2,8,129,COMMERCIAL SERVICES,"IT, ADVERTISING, MARKETING AND MEDIA SERVICES",Press and Journalism Services
89,2080130,2,8,130,COMMERCIAL SERVICES,"IT, ADVERTISING, MARKETING AND MEDIA SERVICES",Printing and Photocopying Services
90,2080131,2,8,131,COMMERCIAL SERVICES,"IT, ADVERTISING, MARKETING AND MEDIA SERVICES",Recording Studios and Record Companies
91,2080133,2,8,133,COMMERCIAL SERVICES,"IT, ADVERTISING, MARKETING AND MEDIA SERVICES","Telephone, Telex and Fax Services"
92,2080134,2,8,134,COMMERCIAL SERVICES,"IT, ADVERTISING, MARKETING AND MEDIA SERVICES",Television and Radio Services
93,2090135,2,9,135,COMMERCIAL SERVICES,LEGAL AND FINANCIAL,Accountants and Auditors
94,2090137,2,9,137,COMMERCIAL SERVICES,LEGAL AND FINANCIAL,"Auctioneers, Auction Rooms and Valuers"
95,2090138,2,9,138,COMMERCIAL SERVICES,LEGAL AND FINANCIAL,Banks and Building Societies
96,2090140,2,9,140,COMMERCIAL SERVICES,LEGAL AND FINANCIAL,Currency Conversion and Money Transfers
97,2090141,2,9,141,COMMERCIAL SERVICES,LEGAL AND FINANCIAL,Cash Machines
98,2090142,2,9,142,COMMERCIAL SERVICES,LEGAL AND FINANCIAL,Cheque Cashing
99,2090143,2,9,143,COMMERCIAL SERVICES,LEGAL AND FINANCIAL,Company Registration and Trademarks
100,2090144,2,9,144,COMMERCIAL SERVICES,LEGAL AND FINANCIAL,Copyright and Patent
101,2090145,2,9,145,COMMERCIAL SERVICES,LEGAL AND FINANCIAL,Credit Reference Agencies
102,2090146,2,9,146,COMMERCIAL SERVICES,LEGAL AND FINANCIAL,Debt Collecting Agencies
103,2090147,2,9,147,COMMERCIAL SERVICES,LEGAL AND FINANCIAL,Financial Advice Services
104,2090148,2,9,148,COMMERCIAL SERVICES,LEGAL AND FINANCIAL,Fundraising Services
105,2090149,2,9,149,COMMERCIAL SERVICES,LEGAL AND FINANCIAL,Insurers and Support Activities
106,2090150,2,9,150,COMMERCIAL SERVICES,LEGAL AND FINANCIAL,Mortgage and Financial Lenders
107,2090151,2,9,151,COMMERCIAL SERVICES,LEGAL AND FINANCIAL,Pawnbrokers
108,2090154,2,9,154,COMMERCIAL SERVICES,LEGAL AND FINANCIAL,"Solicitors, Advocates and Notaries Public"
109,2090773,2,9,773,COMMERCIAL SERVICES,LEGAL AND FINANCIAL,"Stocks, Shares and Unit Trusts"
110,2090795,2,9,795,COMMERCIAL SERVICES,LEGAL AND FINANCIAL,Commodity Dealers
111,2090796,2,9,796,COMMERCIAL SERVICES,LEGAL AND FINANCIAL,Franchise and Holding Company Services
112,2090811,2,9,811,COMMERCIAL SERVICES,LEGAL AND FINANCIAL,PayPoint Locations
113,2090829,2,9,829,COMMERCIAL SERVICES,LEGAL AND FINANCIAL,Pension and Fund Management
114,2100103,2,10,103,COMMERCIAL SERVICES,"PERSONAL, CONSUMER AND OTHER SERVICES",Hotel Booking Agencies
115,2100112,2,10,112,COMMERCIAL SERVICES,"PERSONAL, CONSUMER AND OTHER SERVICES",Event Ticket Agents and Box Office
116,2100155,2,10,155,COMMERCIAL SERVICES,"PERSONAL, CONSUMER AND OTHER SERVICES","Astrologers, Clairvoyants and Palmists"
117,2100156,2,10,156,COMMERCIAL SERVICES,"PERSONAL, CONSUMER AND OTHER SERVICES",Hair and Beauty Services
118,2100158,2,10,158,COMMERCIAL SERVICES,"PERSONAL, CONSUMER AND OTHER SERVICES",Cleaning Services
119,2100160,2,10,160,COMMERCIAL SERVICES,"PERSONAL, CONSUMER AND OTHER SERVICES",Customer Service Centres
120,2100161,2,10,161,COMMERCIAL SERVICES,"PERSONAL, CONSUMER AND OTHER SERVICES",CV Writers
121,2100162,2,10,162,COMMERCIAL SERVICES,"PERSONAL, CONSUMER AND OTHER SERVICES",Detective and Investigation Agencies
122,2100165,2,10,165,COMMERCIAL SERVICES,"PERSONAL, CONSUMER AND OTHER SERVICES",Funeral and Associated Services
123,2100166,2,10,166,COMMERCIAL SERVICES,"PERSONAL, CONSUMER AND OTHER SERVICES",Historical Research
124,2100167,2,10,167,COMMERCIAL SERVICES,"PERSONAL, CONSUMER AND OTHER SERVICES","Headquarters, Administration and Central Offices"
125,2100169,2,10,169,COMMERCIAL SERVICES,"PERSONAL, CONSUMER AND OTHER SERVICES",Introduction and Dating Agencies
126,2100170,2,10,170,COMMERCIAL SERVICES,"PERSONAL, CONSUMER AND OTHER SERVICES","Lock, Key and Security Services"
127,2100171,2,10,171,COMMERCIAL SERVICES,"PERSONAL, CONSUMER AND OTHER SERVICES",Message and Greeting Services
128,2100173,2,10,173,COMMERCIAL SERVICES,"PERSONAL, CONSUMER AND OTHER SERVICES",Motoring Organisations
129,2100174,2,10,174,COMMERCIAL SERVICES,"PERSONAL, CONSUMER AND OTHER SERVICES",Party Organisers
130,2100175,2,10,175,COMMERCIAL SERVICES,"PERSONAL, CONSUMER AND OTHER SERVICES",Personalisation
131,2100177,2,10,177,COMMERCIAL SERVICES,"PERSONAL, CONSUMER AND OTHER SERVICES",Photographic Services
132,2100179,2,10,179,COMMERCIAL SERVICES,"PERSONAL, CONSUMER AND OTHER SERVICES",Sports Services
133,2100180,2,10,180,COMMERCIAL SERVICES,"PERSONAL, CONSUMER AND OTHER SERVICES",Tattooing and Piercing Services
134,2100182,2,10,182,COMMERCIAL SERVICES,"PERSONAL, CONSUMER AND OTHER SERVICES",Trophies and Engraving Services
135,2100183,2,10,183,COMMERCIAL SERVICES,"PERSONAL, CONSUMER AND OTHER SERVICES",Vehicle Cleaning Services
136,2100185,2,10,185,COMMERCIAL SERVICES,"PERSONAL, CONSUMER AND OTHER SERVICES",Weather Services
137,2100186,2,10,186,COMMERCIAL SERVICES,"PERSONAL, CONSUMER AND OTHER SERVICES",Wedding Services
138,2100188,2,10,188,COMMERCIAL SERVICES,"PERSONAL, CONSUMER AND OTHER SERVICES",Window Cleaners
139,2100774,2,10,774,COMMERCIAL SERVICES,"PERSONAL, CONSUMER AND OTHER SERVICES","Musicians, Orchestras and Composers"
140,2100775,2,10,775,COMMERCIAL SERVICES,"PERSONAL, CONSUMER AND OTHER SERVICES","Sculptors, Wood Workers and Stone Masons"
141,2100776,2,10,776,COMMERCIAL SERVICES,"PERSONAL, CONSUMER AND OTHER SERVICES",Tailoring and Clothing Alteration
142,2100777,2,10,777,COMMERCIAL SERVICES,"PERSONAL, CONSUMER AND OTHER SERVICES",Vehicle Breakdown and Recovery Services
143,2100818,2,10,818,COMMERCIAL SERVICES,"PERSONAL, CONSUMER AND OTHER SERVICES",Sewage Services
144,2100821,2,10,821,COMMERCIAL SERVICES,"PERSONAL, CONSUMER AND OTHER SERVICES",Spas
145,2100822,2,10,822,COMMERCIAL SERVICES,"PERSONAL, CONSUMER AND OTHER SERVICES",Slimming Clubs and Services
146,2100823,2,10,823,COMMERCIAL SERVICES,"PERSONAL, CONSUMER AND OTHER SERVICES",Adult Services
147,2100826,2,10,826,COMMERCIAL SERVICES,"PERSONAL, CONSUMER AND OTHER SERVICES",Printing on Garments
148,2110189,2,11,189,COMMERCIAL SERVICES,PROPERTY AND DEVELOPMENT SERVICES,Commercial Property Letting
149,2110190,2,11,190,COMMERCIAL SERVICES,PROPERTY AND DEVELOPMENT SERVICES,Property Sales
150,2110191,2,11,191,COMMERCIAL SERVICES,PROPERTY AND DEVELOPMENT SERVICES,Estate and Property Management
151,2110192,2,11,192,COMMERCIAL SERVICES,PROPERTY AND DEVELOPMENT SERVICES,Property Letting
152,2110194,2,11,194,COMMERCIAL SERVICES,PROPERTY AND DEVELOPMENT SERVICES,Property Development Services
153,2110195,2,11,195,COMMERCIAL SERVICES,PROPERTY AND DEVELOPMENT SERVICES,Property Information Services
154,2120196,2,12,196,COMMERCIAL SERVICES,RECYCLING SERVICES,"Recycling, Reclamation and Disposal"
155,2120198,2,12,198,COMMERCIAL SERVICES,RECYCLING SERVICES,Rag Merchants
156,2120199,2,12,199,COMMERCIAL SERVICES,RECYCLING SERVICES,Clearance and Salvage Dealers
157,2120200,2,12,200,COMMERCIAL SERVICES,RECYCLING SERVICES,Scrap Metal Merchants
158,2120202,2,12,202,COMMERCIAL SERVICES,RECYCLING SERVICES,Waste Paper Merchants
159,2130204,2,13,204,COMMERCIAL SERVICES,REPAIR AND SERVICING,Building Repairs
160,2130205,2,13,205,COMMERCIAL SERVICES,REPAIR AND SERVICING,Electrical Equipment Repair and Servicing
161,2130206,2,13,206,COMMERCIAL SERVICES,REPAIR AND SERVICING,Household Repairs and Restoration
162,2130207,2,13,207,COMMERCIAL SERVICES,REPAIR AND SERVICING,Industrial Repairs and Servicing
163,2130209,2,13,209,COMMERCIAL SERVICES,REPAIR AND SERVICING,Service Industry Equipment Repairs
164,2130210,2,13,210,COMMERCIAL SERVICES,REPAIR AND SERVICING,Sports and Leisure Equipment Repair
165,2130211,2,13,211,COMMERCIAL SERVICES,REPAIR AND SERVICING,Tool Repairs
166,2130212,2,13,212,COMMERCIAL SERVICES,REPAIR AND SERVICING,"Vehicle Repair, Testing and Servicing"
167,2130793,2,13,793,COMMERCIAL SERVICES,REPAIR AND SERVICING,Shoe Repairs
168,2140214,2,14,214,COMMERCIAL SERVICES,RESEARCH AND DESIGN,Design Services
169,2140216,2,14,216,COMMERCIAL SERVICES,RESEARCH AND DESIGN,Research Services
170,2140217,2,14,217,COMMERCIAL SERVICES,RESEARCH AND DESIGN,Testing and Analysis Services
171,2150218,2,15,218,COMMERCIAL SERVICES,"TRANSPORT, STORAGE AND DELIVERY",Airlines and Airline Services
172,2150219,2,15,219,COMMERCIAL SERVICES,"TRANSPORT, STORAGE AND DELIVERY",Animal Transportation
173,2150221,2,15,221,COMMERCIAL SERVICES,"TRANSPORT, STORAGE AND DELIVERY",Container and Storage
174,2150222,2,15,222,COMMERCIAL SERVICES,"TRANSPORT, STORAGE AND DELIVERY","Courier, Delivery and Messenger"
175,2150223,2,15,223,COMMERCIAL SERVICES,"TRANSPORT, STORAGE AND DELIVERY",Distribution and Haulage
176,2150224,2,15,224,COMMERCIAL SERVICES,"TRANSPORT, STORAGE AND DELIVERY",Ferry and Cruise Companies
177,2150225,2,15,225,COMMERCIAL SERVICES,"TRANSPORT, STORAGE AND DELIVERY",Import and Export Services
178,2150227,2,15,227,COMMERCIAL SERVICES,"TRANSPORT, STORAGE AND DELIVERY",Railway Related Services
179,2150228,2,15,228,COMMERCIAL SERVICES,"TRANSPORT, STORAGE AND DELIVERY",Removals and Shipping Agents
180,2150230,2,15,230,COMMERCIAL SERVICES,"TRANSPORT, STORAGE AND DELIVERY",Taxi Services
181,2600097,2,60,97,COMMERCIAL SERVICES,HIRE SERVICES,Boat Hiring Services
182,2600099,2,60,99,COMMERCIAL SERVICES,HIRE SERVICES,Construction and Tool Hire
183,2600104,2,60,104,COMMERCIAL SERVICES,HIRE SERVICES,Leisure Equipment Hirings
184,2600110,2,60,110,COMMERCIAL SERVICES,HIRE SERVICES,Renting and Leasing of Personal and Household Goods
185,2600111,2,60,111,COMMERCIAL SERVICES,HIRE SERVICES,"Sound, Light and Vision Service and Equipment Hire"
186,2600113,2,60,113,COMMERCIAL SERVICES,HIRE SERVICES,Vehicle Hire and Rental
187,2600159,2,60,159,COMMERCIAL SERVICES,HIRE SERVICES,Clothing Hire
188,2600270,2,60,270,COMMERCIAL SERVICES,HIRE SERVICES,Bouncy Castles and Inflatables Hire
189,3160231,3,16,231,ATTRACTIONS,BOTANICAL AND ZOOLOGICAL,Aquaria and Sea Life Centres
190,3160232,3,16,232,ATTRACTIONS,BOTANICAL AND ZOOLOGICAL,"Bird Reserves, Collections and Sanctuaries"
191,3160233,3,16,233,ATTRACTIONS,BOTANICAL AND ZOOLOGICAL,Butterfly Farms
192,3160235,3,16,235,ATTRACTIONS,BOTANICAL AND ZOOLOGICAL,Farm Based Attractions
193,3160236,3,16,236,ATTRACTIONS,BOTANICAL AND ZOOLOGICAL,Horticultural Attractions
194,3160237,3,16,237,ATTRACTIONS,BOTANICAL AND ZOOLOGICAL,Salmon Ladders
195,3160239,3,16,239,ATTRACTIONS,BOTANICAL AND ZOOLOGICAL,Zoos and Animal Collections
196,3170240,3,17,240,ATTRACTIONS,HISTORICAL AND CULTURAL,Archaeological Sites
197,3170241,3,17,241,ATTRACTIONS,HISTORICAL AND CULTURAL,Battlefields
198,3170244,3,17,244,ATTRACTIONS,HISTORICAL AND CULTURAL,"Historic Buildings Including Castles, Forts and Abbeys"
199,3170245,3,17,245,ATTRACTIONS,HISTORICAL AND CULTURAL,Historic and Ceremonial Structures
200,3170246,3,17,246,ATTRACTIONS,HISTORICAL AND CULTURAL,Historical Ships
201,3170248,3,17,248,ATTRACTIONS,HISTORICAL AND CULTURAL,Museums
202,3170813,3,17,813,ATTRACTIONS,HISTORICAL AND CULTURAL,Art Galleries
203,3180252,3,18,252,ATTRACTIONS,RECREATIONAL,Commons
204,3180253,3,18,253,ATTRACTIONS,RECREATIONAL,Country and National Parks
205,3180254,3,18,254,ATTRACTIONS,RECREATIONAL,Picnic Areas
206,3180255,3,18,255,ATTRACTIONS,RECREATIONAL,Playgrounds
207,3180814,3,18,814,ATTRACTIONS,RECREATIONAL,Municipal Parks and Gardens
208,3190257,3,19,257,ATTRACTIONS,LANDSCAPE FEATURES,Designated Scenic Features
209,3190259,3,19,259,ATTRACTIONS,LANDSCAPE FEATURES,Trigonometric Points
210,3200263,3,20,263,ATTRACTIONS,TOURISM,"Laseria, Observatories and Planetaria"
211,3200264,3,20,264,ATTRACTIONS,TOURISM,Model Villages
212,3200265,3,20,265,ATTRACTIONS,TOURISM,"Railways (Heritage, Steam and Miniature)"
213,3200266,3,20,266,ATTRACTIONS,TOURISM,Theme and Adventure Parks
214,3200267,3,20,267,ATTRACTIONS,TOURISM,"Siteseeing, Tours, Viewing and Visitor Centres"
215,3200268,3,20,268,ATTRACTIONS,TOURISM,Information Centres
216,3200269,3,20,269,ATTRACTIONS,TOURISM,Unspecified and Other Attractions
217,3580803,3,58,803,ATTRACTIONS,BODIES OF WATER,Ponds
218,3580804,3,58,804,ATTRACTIONS,BODIES OF WATER,Lakes and Waters
219,3580805,3,58,805,ATTRACTIONS,BODIES OF WATER,Lochs and Lochans
220,3580806,3,58,806,ATTRACTIONS,BODIES OF WATER,"Tarns, Pools and Meres"
221,3580807,3,58,807,ATTRACTIONS,BODIES OF WATER,Reservoirs
222,3580808,3,58,808,ATTRACTIONS,BODIES OF WATER,"Settling, Balancing and Silt Ponds"
223,4210271,4,21,271,SPORT AND ENTERTAINMENT,SPORT AND ENTERTAINMENT SUPPORT SERVICES,Children's Activity Centres
224,4210273,4,21,273,SPORT AND ENTERTAINMENT,SPORT AND ENTERTAINMENT SUPPORT SERVICES,Entertainment Services
225,4210274,4,21,274,SPORT AND ENTERTAINMENT,SPORT AND ENTERTAINMENT SUPPORT SERVICES,Firework Related Services
226,4210275,4,21,275,SPORT AND ENTERTAINMENT,SPORT AND ENTERTAINMENT SUPPORT SERVICES,Funfair Services
227,4210276,4,21,276,SPORT AND ENTERTAINMENT,SPORT AND ENTERTAINMENT SUPPORT SERVICES,Mobile Discos
228,4210820,4,21,820,SPORT AND ENTERTAINMENT,SPORT AND ENTERTAINMENT SUPPORT SERVICES,Motorsport Services
229,4220277,4,22,277,SPORT AND ENTERTAINMENT,GAMBLING,Amusement Parks and Arcades
230,4220278,4,22,278,SPORT AND ENTERTAINMENT,GAMBLING,Bingo Halls
231,4220279,4,22,279,SPORT AND ENTERTAINMENT,GAMBLING,Bookmakers
232,4220280,4,22,280,SPORT AND ENTERTAINMENT,GAMBLING,Casinos
233,4220281,4,22,281,SPORT AND ENTERTAINMENT,GAMBLING,Pools Promoters
234,4230282,4,23,282,SPORT AND ENTERTAINMENT,OUTDOOR PURSUITS,Angling and Sports Fishing
235,4230283,4,23,283,SPORT AND ENTERTAINMENT,OUTDOOR PURSUITS,"Combat, Laser and Paintball Games"
236,4230284,4,23,284,SPORT AND ENTERTAINMENT,OUTDOOR PURSUITS,Hot Air Ballooning
237,4230285,4,23,285,SPORT AND ENTERTAINMENT,OUTDOOR PURSUITS,Parachuting and Bungee Jumping
238,4230286,4,23,286,SPORT AND ENTERTAINMENT,OUTDOOR PURSUITS,Paragliding and Hang Gliding
239,4230287,4,23,287,SPORT AND ENTERTAINMENT,OUTDOOR PURSUITS,Watersports
240,4230321,4,23,321,SPORT AND ENTERTAINMENT,OUTDOOR PURSUITS,"Riding Schools, Livery Stables and Equestrian Centres"
241,4230770,4,23,770,SPORT AND ENTERTAINMENT,OUTDOOR PURSUITS,Outdoor Pursuit Organisers and Equipment
242,4240289,4,24,289,SPORT AND ENTERTAINMENT,SPORTS COMPLEX,Athletics Facilities
243,4240290,4,24,290,SPORT AND ENTERTAINMENT,SPORTS COMPLEX,Bowling Facilities
244,4240291,4,24,291,SPORT AND ENTERTAINMENT,SPORTS COMPLEX,Climbing Facilities
245,4240292,4,24,292,SPORT AND ENTERTAINMENT,SPORTS COMPLEX,"Golf Ranges, Courses, Clubs and Professionals"
246,4240293,4,24,293,SPORT AND ENTERTAINMENT,SPORTS COMPLEX,"Gymnasiums, Sports Halls and Leisure Centres"
247,4240294,4,24,294,SPORT AND ENTERTAINMENT,SPORTS COMPLEX,Ice Rinks
248,4240297,4,24,297,SPORT AND ENTERTAINMENT,SPORTS COMPLEX,Motorsport Venues
249,4240298,4,24,298,SPORT AND ENTERTAINMENT,SPORTS COMPLEX,Racecourses and Greyhound Tracks
250,4240299,4,24,299,SPORT AND ENTERTAINMENT,SPORTS COMPLEX,Shooting Facilities
251,4240300,4,24,300,SPORT AND ENTERTAINMENT,SPORTS COMPLEX,Ski Infrastructure and Aerial Cableways
252,4240301,4,24,301,SPORT AND ENTERTAINMENT,SPORTS COMPLEX,Snooker and Pool Halls
253,4240302,4,24,302,SPORT AND ENTERTAINMENT,SPORTS COMPLEX,"Sports Grounds, Stadia and Pitches"
254,4240303,4,24,303,SPORT AND ENTERTAINMENT,SPORTS COMPLEX,Squash Courts
255,4240304,4,24,304,SPORT AND ENTERTAINMENT,SPORTS COMPLEX,Swimming Pools
256,4240305,4,24,305,SPORT AND ENTERTAINMENT,SPORTS COMPLEX,Tennis Facilities
257,4240306,4,24,306,SPORT AND ENTERTAINMENT,SPORTS COMPLEX,Velodromes
258,4250308,4,25,308,SPORT AND ENTERTAINMENT,"VENUES, STAGE AND SCREEN",Cinemas
259,4250311,4,25,311,SPORT AND ENTERTAINMENT,"VENUES, STAGE AND SCREEN",Discos
260,4250312,4,25,312,SPORT AND ENTERTAINMENT,"VENUES, STAGE AND SCREEN",Nightclubs
261,4250314,4,25,314,SPORT AND ENTERTAINMENT,"VENUES, STAGE AND SCREEN",Social Clubs
262,4250315,4,25,315,SPORT AND ENTERTAINMENT,"VENUES, STAGE AND SCREEN",Theatres and Concert Halls
263,4250762,4,25,762,SPORT AND ENTERTAINMENT,"VENUES, STAGE AND SCREEN",Conference and Exhibition Centres
264,4250825,4,25,825,SPORT AND ENTERTAINMENT,"VENUES, STAGE AND SCREEN",Adult Venues
265,5260316,5,26,316,EDUCATION AND HEALTH,ANIMAL WELFARE,Animal Clipping and Grooming
266,5260317,5,26,317,EDUCATION AND HEALTH,ANIMAL WELFARE,Dog Training
267,5260318,5,26,318,EDUCATION AND HEALTH,ANIMAL WELFARE,Horse Training
268,5260319,5,26,319,EDUCATION AND HEALTH,ANIMAL WELFARE,Kennels and Catteries
269,5260320,5,26,320,EDUCATION AND HEALTH,ANIMAL WELFARE,Pet Cemeteries and Crematoria
270,5260322,5,26,322,EDUCATION AND HEALTH,ANIMAL WELFARE,Veterinarians and Animal Hospitals
271,5260323,5,26,323,EDUCATION AND HEALTH,ANIMAL WELFARE,Veterinary Pharmacies
272,5270324,5,27,324,EDUCATION AND HEALTH,EDUCATION SUPPORT SERVICES,Education Authorities
273,5270325,5,27,325,EDUCATION AND HEALTH,EDUCATION SUPPORT SERVICES,Education Services
274,5270326,5,27,326,EDUCATION AND HEALTH,EDUCATION SUPPORT SERVICES,Examination Boards
275,5270799,5,27,799,EDUCATION AND HEALTH,EDUCATION SUPPORT SERVICES,Playing for Success Centres
276,5270800,5,27,800,EDUCATION AND HEALTH,EDUCATION SUPPORT SERVICES,Secure Units
277,5280330,5,28,330,EDUCATION AND HEALTH,HEALTH PRACTITIONERS AND ESTABLISHMENTS,"Alternative, Natural and Complementary"
278,5280333,5,28,333,EDUCATION AND HEALTH,HEALTH PRACTITIONERS AND ESTABLISHMENTS,Foot Related Services
279,5280335,5,28,335,EDUCATION AND HEALTH,HEALTH PRACTITIONERS AND ESTABLISHMENTS,Dental Technicians
280,5280337,5,28,337,EDUCATION AND HEALTH,HEALTH PRACTITIONERS AND ESTABLISHMENTS,Dieticians and Nutritionists
281,5280340,5,28,340,EDUCATION AND HEALTH,HEALTH PRACTITIONERS AND ESTABLISHMENTS,Homeopaths
282,5280342,5,28,342,EDUCATION AND HEALTH,HEALTH PRACTITIONERS AND ESTABLISHMENTS,Midwifery
283,5280344,5,28,344,EDUCATION AND HEALTH,HEALTH PRACTITIONERS AND ESTABLISHMENTS,Optometrists and Opticians
284,5280345,5,28,345,EDUCATION AND HEALTH,HEALTH PRACTITIONERS AND ESTABLISHMENTS,Physical Therapy
285,5280352,5,28,352,EDUCATION AND HEALTH,HEALTH PRACTITIONERS AND ESTABLISHMENTS,Speech Therapists
286,5280354,5,28,354,EDUCATION AND HEALTH,HEALTH PRACTITIONERS AND ESTABLISHMENTS,Surgeons and Cosmetic Surgeries
287,5280364,5,28,364,EDUCATION AND HEALTH,HEALTH PRACTITIONERS AND ESTABLISHMENTS,Chemists and Pharmacies
288,5280365,5,28,365,EDUCATION AND HEALTH,HEALTH PRACTITIONERS AND ESTABLISHMENTS,Clinics and Health Centres
289,5280367,5,28,367,EDUCATION AND HEALTH,HEALTH PRACTITIONERS AND ESTABLISHMENTS,Dental and Medical Laboratories
290,5280368,5,28,368,EDUCATION AND HEALTH,HEALTH PRACTITIONERS AND ESTABLISHMENTS,Dental Surgeries
291,5280369,5,28,369,EDUCATION AND HEALTH,HEALTH PRACTITIONERS AND ESTABLISHMENTS,Doctors Surgeries
292,5280370,5,28,370,EDUCATION AND HEALTH,HEALTH PRACTITIONERS AND ESTABLISHMENTS,Hospices
293,5280371,5,28,371,EDUCATION AND HEALTH,HEALTH PRACTITIONERS AND ESTABLISHMENTS,Hospitals
294,5280372,5,28,372,EDUCATION AND HEALTH,HEALTH PRACTITIONERS AND ESTABLISHMENTS,Mental Health Centres and Practitioners
295,5280373,5,28,373,EDUCATION AND HEALTH,HEALTH PRACTITIONERS AND ESTABLISHMENTS,Nursing and Residential Care Homes
296,5280780,5,28,780,EDUCATION AND HEALTH,HEALTH PRACTITIONERS AND ESTABLISHMENTS,Accident and Emergency Hospitals
297,5280809,5,28,809,EDUCATION AND HEALTH,HEALTH PRACTITIONERS AND ESTABLISHMENTS,Parenting and Childcare Services
298,5280812,5,28,812,EDUCATION AND HEALTH,HEALTH PRACTITIONERS AND ESTABLISHMENTS,Walk-In Centre
299,5280815,5,28,815,EDUCATION AND HEALTH,HEALTH PRACTITIONERS AND ESTABLISHMENTS,Day and Care Centres
300,5290106,5,29,106,EDUCATION AND HEALTH,HEALTH SUPPORT SERVICES,Medical Equipment Rental and Leasing
301,5290356,5,29,356,EDUCATION AND HEALTH,HEALTH SUPPORT SERVICES,Ambulance and Medical Transportation Services
302,5290357,5,29,357,EDUCATION AND HEALTH,HEALTH SUPPORT SERVICES,Blood Transfusion Service
303,5290358,5,29,358,EDUCATION AND HEALTH,HEALTH SUPPORT SERVICES,Counselling and Advice Services
304,5290359,5,29,359,EDUCATION AND HEALTH,HEALTH SUPPORT SERVICES,Health Authorities
305,5290361,5,29,361,EDUCATION AND HEALTH,HEALTH SUPPORT SERVICES,Medical Waste Disposal Services
306,5290362,5,29,362,EDUCATION AND HEALTH,HEALTH SUPPORT SERVICES,Pregnancy Related Services and Help Centres
307,5290363,5,29,363,EDUCATION AND HEALTH,HEALTH SUPPORT SERVICES,X-Ray Services
308,5310375,5,31,375,EDUCATION AND HEALTH,"PRIMARY, SECONDARY AND TERTIARY EDUCATION","First, Primary and Infant Schools"
309,5310376,5,31,376,EDUCATION AND HEALTH,"PRIMARY, SECONDARY AND TERTIARY EDUCATION",Further Education Establishments
310,5310377,5,31,377,EDUCATION AND HEALTH,"PRIMARY, SECONDARY AND TERTIARY EDUCATION",Independent and Preparatory Schools
311,5310379,5,31,379,EDUCATION AND HEALTH,"PRIMARY, SECONDARY AND TERTIARY EDUCATION",Broad Age Range and Secondary State Schools
312,5310380,5,31,380,EDUCATION AND HEALTH,"PRIMARY, SECONDARY AND TERTIARY EDUCATION",Special Schools and Colleges
313,5310381,5,31,381,EDUCATION AND HEALTH,"PRIMARY, SECONDARY AND TERTIARY EDUCATION",Higher Education Establishments
314,5310382,5,31,382,EDUCATION AND HEALTH,"PRIMARY, SECONDARY AND TERTIARY EDUCATION",Unspecified and Other Schools
315,5310801,5,31,801,EDUCATION AND HEALTH,"PRIMARY, SECONDARY AND TERTIARY EDUCATION",Pupil Referral Units
316,5320384,5,32,384,EDUCATION AND HEALTH,RECREATIONAL AND VOCATIONAL EDUCATION,Ballet and Dance Schools
317,5320385,5,32,385,EDUCATION AND HEALTH,RECREATIONAL AND VOCATIONAL EDUCATION,Beauty and Hairdressing Schools
318,5320388,5,32,388,EDUCATION AND HEALTH,RECREATIONAL AND VOCATIONAL EDUCATION,Diving Schools
319,5320389,5,32,389,EDUCATION AND HEALTH,RECREATIONAL AND VOCATIONAL EDUCATION,Drama Schools
320,5320390,5,32,390,EDUCATION AND HEALTH,RECREATIONAL AND VOCATIONAL EDUCATION,Driving and Motorcycle Schools
321,5320391,5,32,391,EDUCATION AND HEALTH,RECREATIONAL AND VOCATIONAL EDUCATION,First Aid Training
322,5320392,5,32,392,EDUCATION AND HEALTH,RECREATIONAL AND VOCATIONAL EDUCATION,Flying Schools
323,5320394,5,32,394,EDUCATION AND HEALTH,RECREATIONAL AND VOCATIONAL EDUCATION,Language Schools
324,5320395,5,32,395,EDUCATION AND HEALTH,RECREATIONAL AND VOCATIONAL EDUCATION,Martial Arts Instruction
325,5320396,5,32,396,EDUCATION AND HEALTH,RECREATIONAL AND VOCATIONAL EDUCATION,Music Teachers and Schools
326,5320397,5,32,397,EDUCATION AND HEALTH,RECREATIONAL AND VOCATIONAL EDUCATION,Nursery Schools and Pre and After School Care
327,5320399,5,32,399,EDUCATION AND HEALTH,RECREATIONAL AND VOCATIONAL EDUCATION,Sailing Schools
328,5320400,5,32,400,EDUCATION AND HEALTH,RECREATIONAL AND VOCATIONAL EDUCATION,Sports and Fitness Coaching
329,5320403,5,32,403,EDUCATION AND HEALTH,RECREATIONAL AND VOCATIONAL EDUCATION,Training Providers and Centres
330,6330404,6,33,404,PUBLIC INFRASTRUCTURE,CENTRAL AND LOCAL GOVERNMENT,Armed Services
331,6330407,6,33,407,PUBLIC INFRASTRUCTURE,CENTRAL AND LOCAL GOVERNMENT,Coastal Safety
332,6330408,6,33,408,PUBLIC INFRASTRUCTURE,CENTRAL AND LOCAL GOVERNMENT,Consular Services
333,6330409,6,33,409,PUBLIC INFRASTRUCTURE,CENTRAL AND LOCAL GOVERNMENT,"Courts, Court Services and Tribunals"
334,6330411,6,33,411,PUBLIC INFRASTRUCTURE,CENTRAL AND LOCAL GOVERNMENT,Driving Test Centres
335,6330412,6,33,412,PUBLIC INFRASTRUCTURE,CENTRAL AND LOCAL GOVERNMENT,Embassies and Consulates
336,6330414,6,33,414,PUBLIC INFRASTRUCTURE,CENTRAL AND LOCAL GOVERNMENT,Fire Brigade Stations
337,6330415,6,33,415,PUBLIC INFRASTRUCTURE,CENTRAL AND LOCAL GOVERNMENT,Central Government
338,6330416,6,33,416,PUBLIC INFRASTRUCTURE,CENTRAL AND LOCAL GOVERNMENT,Local Government
339,6330417,6,33,417,PUBLIC INFRASTRUCTURE,CENTRAL AND LOCAL GOVERNMENT,Revenue and Customs Offices
340,6330418,6,33,418,PUBLIC INFRASTRUCTURE,CENTRAL AND LOCAL GOVERNMENT,Job Centres
341,6330419,6,33,419,PUBLIC INFRASTRUCTURE,CENTRAL AND LOCAL GOVERNMENT,Members of Parliament and Members of European Parliament
342,6330422,6,33,422,PUBLIC INFRASTRUCTURE,CENTRAL AND LOCAL GOVERNMENT,Police Stations
343,6330424,6,33,424,PUBLIC INFRASTRUCTURE,CENTRAL AND LOCAL GOVERNMENT,Prisons
344,6330425,6,33,425,PUBLIC INFRASTRUCTURE,CENTRAL AND LOCAL GOVERNMENT,Probation Offices and Police Support Services
345,6330426,6,33,426,PUBLIC INFRASTRUCTURE,CENTRAL AND LOCAL GOVERNMENT,Registrars Offices
346,6330429,6,33,429,PUBLIC INFRASTRUCTURE,CENTRAL AND LOCAL GOVERNMENT,Social Service Activities
347,6330431,6,33,431,PUBLIC INFRASTRUCTURE,CENTRAL AND LOCAL GOVERNMENT,Tribunals
348,6330830,6,33,830,PUBLIC INFRASTRUCTURE,CENTRAL AND LOCAL GOVERNMENT,Foreign Country Support Activities
349,6340433,6,34,433,PUBLIC INFRASTRUCTURE,INFRASTRUCTURE AND FACILITIES,Electrical Features
350,6340435,6,34,435,PUBLIC INFRASTRUCTURE,INFRASTRUCTURE AND FACILITIES,Fire Safety Features
351,6340437,6,34,437,PUBLIC INFRASTRUCTURE,INFRASTRUCTURE AND FACILITIES,Gas Features
352,6340438,6,34,438,PUBLIC INFRASTRUCTURE,INFRASTRUCTURE AND FACILITIES,Meteorological Features
353,6340440,6,34,440,PUBLIC INFRASTRUCTURE,INFRASTRUCTURE AND FACILITIES,Refuse Disposal Facilities
354,6340441,6,34,441,PUBLIC INFRASTRUCTURE,INFRASTRUCTURE AND FACILITIES,"Waste Storage, Processing and Disposal"
355,6340442,6,34,442,PUBLIC INFRASTRUCTURE,INFRASTRUCTURE AND FACILITIES,Telecommunications Companies
356,6340443,6,34,443,PUBLIC INFRASTRUCTURE,INFRASTRUCTURE AND FACILITIES,Telecommunications Features
357,6340444,6,34,444,PUBLIC INFRASTRUCTURE,INFRASTRUCTURE AND FACILITIES,Utility Companies and Brokers
358,6340453,6,34,453,PUBLIC INFRASTRUCTURE,INFRASTRUCTURE AND FACILITIES,Allotments
359,6340454,6,34,454,PUBLIC INFRASTRUCTURE,INFRASTRUCTURE AND FACILITIES,Cemeteries and Crematoria
360,6340455,6,34,455,PUBLIC INFRASTRUCTURE,INFRASTRUCTURE AND FACILITIES,Drinking Fountains and Water Points
361,6340456,6,34,456,PUBLIC INFRASTRUCTURE,INFRASTRUCTURE AND FACILITIES,Halls and Community Centres
362,6340457,6,34,457,PUBLIC INFRASTRUCTURE,INFRASTRUCTURE AND FACILITIES,Letter Boxes
363,6340458,6,34,458,PUBLIC INFRASTRUCTURE,INFRASTRUCTURE AND FACILITIES,Libraries
364,6340459,6,34,459,PUBLIC INFRASTRUCTURE,INFRASTRUCTURE AND FACILITIES,Places of Worship
365,6340461,6,34,461,PUBLIC INFRASTRUCTURE,INFRASTRUCTURE AND FACILITIES,Public Toilets
366,6340462,6,34,462,PUBLIC INFRASTRUCTURE,INFRASTRUCTURE AND FACILITIES,Recycling Centres
367,6340802,6,34,802,PUBLIC INFRASTRUCTURE,INFRASTRUCTURE AND FACILITIES,Wifi Hotspots
368,6350445,6,35,445,PUBLIC INFRASTRUCTURE,ORGANISATIONS,Animal Welfare Organisations
369,6350446,6,35,446,PUBLIC INFRASTRUCTURE,ORGANISATIONS,Fan Clubs and Associations
370,6350447,6,35,447,PUBLIC INFRASTRUCTURE,ORGANISATIONS,Sports Clubs and Associations
371,6350448,6,35,448,PUBLIC INFRASTRUCTURE,ORGANISATIONS,Institutes and Professional Organisations
372,6350449,6,35,449,PUBLIC INFRASTRUCTURE,ORGANISATIONS,Political Parties and Related Organisations
373,6350450,6,35,450,PUBLIC INFRASTRUCTURE,ORGANISATIONS,Religious Organisations
374,6350452,6,35,452,PUBLIC INFRASTRUCTURE,ORGANISATIONS,Youth Organisations
375,6350769,6,35,769,PUBLIC INFRASTRUCTURE,ORGANISATIONS,Community Networks and Projects
376,6350816,6,35,816,PUBLIC INFRASTRUCTURE,ORGANISATIONS,Charitable Organisations
377,6350817,6,35,817,PUBLIC INFRASTRUCTURE,ORGANISATIONS,Conservation Organisations
378,7370464,7,37,464,MANUFACTURING AND PRODUCTION,CONSUMER PRODUCTS,"Baby, Nursery and Playground Equipment"
379,7370465,7,37,465,MANUFACTURING AND PRODUCTION,CONSUMER PRODUCTS,Beds and Bedding
380,7370466,7,37,466,MANUFACTURING AND PRODUCTION,CONSUMER PRODUCTS,Brushes
381,7370467,7,37,467,MANUFACTURING AND PRODUCTION,CONSUMER PRODUCTS,Candles
382,7370468,7,37,468,MANUFACTURING AND PRODUCTION,CONSUMER PRODUCTS,Canvas Goods
383,7370470,7,37,470,MANUFACTURING AND PRODUCTION,CONSUMER PRODUCTS,"Carpets, Flooring, Rugs and Soft Furnishings"
384,7370471,7,37,471,MANUFACTURING AND PRODUCTION,CONSUMER PRODUCTS,"Medals, Trophies, Ceremonial and Religious Goods"
385,7370472,7,37,472,MANUFACTURING AND PRODUCTION,CONSUMER PRODUCTS,China and Glassware
386,7370473,7,37,473,MANUFACTURING AND PRODUCTION,CONSUMER PRODUCTS,"Clothing, Components and Accessories"
387,7370474,7,37,474,MANUFACTURING AND PRODUCTION,CONSUMER PRODUCTS,Cookers and Stoves - Non Electrical
388,7370475,7,37,475,MANUFACTURING AND PRODUCTION,CONSUMER PRODUCTS,"Cosmetics, Toiletries and Perfumes"
389,7370476,7,37,476,MANUFACTURING AND PRODUCTION,CONSUMER PRODUCTS,Curtains and Blinds
390,7370477,7,37,477,MANUFACTURING AND PRODUCTION,CONSUMER PRODUCTS,Cutlery and Tableware
391,7370478,7,37,478,MANUFACTURING AND PRODUCTION,CONSUMER PRODUCTS,Disability and Mobility Equipment
392,7370479,7,37,479,MANUFACTURING AND PRODUCTION,CONSUMER PRODUCTS,Refrigeration and Freezing Appliances
393,7370480,7,37,480,MANUFACTURING AND PRODUCTION,CONSUMER PRODUCTS,Footwear
394,7370481,7,37,481,MANUFACTURING AND PRODUCTION,CONSUMER PRODUCTS,Furniture
395,7370482,7,37,482,MANUFACTURING AND PRODUCTION,CONSUMER PRODUCTS,Garden Goods
396,7370483,7,37,483,MANUFACTURING AND PRODUCTION,CONSUMER PRODUCTS,Giftware
397,7370485,7,37,485,MANUFACTURING AND PRODUCTION,CONSUMER PRODUCTS,"Hobby, Sports and Pastime Products"
398,7370486,7,37,486,MANUFACTURING AND PRODUCTION,CONSUMER PRODUCTS,Disposable Products
399,7370487,7,37,487,MANUFACTURING AND PRODUCTION,CONSUMER PRODUCTS,"Jewellery, Gems, Clocks and Watches"
400,7370488,7,37,488,MANUFACTURING AND PRODUCTION,CONSUMER PRODUCTS,Lampshades and Lighting
401,7370489,7,37,489,MANUFACTURING AND PRODUCTION,CONSUMER PRODUCTS,Leather Products
402,7370490,7,37,490,MANUFACTURING AND PRODUCTION,CONSUMER PRODUCTS,Lingerie and Hosiery
403,7370491,7,37,491,MANUFACTURING AND PRODUCTION,CONSUMER PRODUCTS,"Luggage, Bags, Umbrellas and Travel Accessories"
404,7370493,7,37,493,MANUFACTURING AND PRODUCTION,CONSUMER PRODUCTS,Musical Instruments
405,7370494,7,37,494,MANUFACTURING AND PRODUCTION,CONSUMER PRODUCTS,Photographic and Optical Equipment
406,7370495,7,37,495,MANUFACTURING AND PRODUCTION,CONSUMER PRODUCTS,Saunas and Sunbeds
407,7370497,7,37,497,MANUFACTURING AND PRODUCTION,CONSUMER PRODUCTS,"Tents, Marquees and Camping Equipment"
408,7370498,7,37,498,MANUFACTURING AND PRODUCTION,CONSUMER PRODUCTS,Tobacco Products
409,7370782,7,37,782,MANUFACTURING AND PRODUCTION,CONSUMER PRODUCTS,Fireplaces and Mantelpieces
410,7370785,7,37,785,MANUFACTURING AND PRODUCTION,CONSUMER PRODUCTS,Conservatories
411,7370790,7,37,790,MANUFACTURING AND PRODUCTION,CONSUMER PRODUCTS,"Bathroom Fixtures, Fittings and Sanitary Equipment"
412,7380500,7,38,500,MANUFACTURING AND PRODUCTION,EXTRACTIVE INDUSTRIES,Coal Mining
413,7380501,7,38,501,MANUFACTURING AND PRODUCTION,EXTRACTIVE INDUSTRIES,"Oil and Gas Extraction, Refinery and Product Manufacture"
414,7380502,7,38,502,MANUFACTURING AND PRODUCTION,EXTRACTIVE INDUSTRIES,Ore Mining
415,7380503,7,38,503,MANUFACTURING AND PRODUCTION,EXTRACTIVE INDUSTRIES,Peat Extraction
416,7380504,7,38,504,MANUFACTURING AND PRODUCTION,EXTRACTIVE INDUSTRIES,"Sand, Gravel and Clay Extraction and Merchants"
417,7380506,7,38,506,MANUFACTURING AND PRODUCTION,EXTRACTIVE INDUSTRIES,Stone Quarrying and Preparation
418,7380507,7,38,507,MANUFACTURING AND PRODUCTION,EXTRACTIVE INDUSTRIES,Unspecified Quarries Or Mines
419,7390508,7,39,508,MANUFACTURING AND PRODUCTION,FARMING,Animal Breeders (Not Horses)
420,7390509,7,39,509,MANUFACTURING AND PRODUCTION,FARMING,Arable Farming
421,7390510,7,39,510,MANUFACTURING AND PRODUCTION,FARMING,Bee Keepers
422,7390511,7,39,511,MANUFACTURING AND PRODUCTION,FARMING,Dairy Farming
423,7390512,7,39,512,MANUFACTURING AND PRODUCTION,FARMING,Fish and Shellfish
424,7390513,7,39,513,MANUFACTURING AND PRODUCTION,FARMING,Forestry
425,7390514,7,39,514,MANUFACTURING AND PRODUCTION,FARMING,"Fruit, Flower and Vegetable Growers"
426,7390515,7,39,515,MANUFACTURING AND PRODUCTION,FARMING,Hoppers and Silos
427,7390516,7,39,516,MANUFACTURING AND PRODUCTION,FARMING,Horse Breeders and Dealers
428,7390517,7,39,517,MANUFACTURING AND PRODUCTION,FARMING,Livestock Farming
429,7390518,7,39,518,MANUFACTURING AND PRODUCTION,FARMING,Mixed Or Unspecified Farming
430,7390520,7,39,520,MANUFACTURING AND PRODUCTION,FARMING,"Poultry Farming, Equipment and Supplies"
431,7390521,7,39,521,MANUFACTURING AND PRODUCTION,FARMING,Sheep Dips and Washes
432,7400522,7,40,522,MANUFACTURING AND PRODUCTION,FOODSTUFFS,Alcoholic Drinks
433,7400523,7,40,523,MANUFACTURING AND PRODUCTION,FOODSTUFFS,"Animal Feeds, Pet Foods, Hay and Straw"
434,7400524,7,40,524,MANUFACTURING AND PRODUCTION,FOODSTUFFS,Baking and Confectionery
435,7400525,7,40,525,MANUFACTURING AND PRODUCTION,FOODSTUFFS,Dairy Products
436,7400526,7,40,526,MANUFACTURING AND PRODUCTION,FOODSTUFFS,"Fish, Meat and Poultry Products"
437,7400528,7,40,528,MANUFACTURING AND PRODUCTION,FOODSTUFFS,"Milling, Refining and Food Additives"
438,7400529,7,40,529,MANUFACTURING AND PRODUCTION,FOODSTUFFS,Non Alcoholic Drinks
439,7400530,7,40,530,MANUFACTURING AND PRODUCTION,FOODSTUFFS,Catering and Non Specific Food Products
440,7410531,7,41,531,MANUFACTURING AND PRODUCTION,INDUSTRIAL FEATURES,Business Parks and Industrial Estates
441,7410532,7,41,532,MANUFACTURING AND PRODUCTION,INDUSTRIAL FEATURES,Chimneys
442,7410533,7,41,533,MANUFACTURING AND PRODUCTION,INDUSTRIAL FEATURES,Conveyors
443,7410534,7,41,534,MANUFACTURING AND PRODUCTION,INDUSTRIAL FEATURES,Energy Production
444,7410535,7,41,535,MANUFACTURING AND PRODUCTION,INDUSTRIAL FEATURES,Lighting Towers
445,7410536,7,41,536,MANUFACTURING AND PRODUCTION,INDUSTRIAL FEATURES,Lime Kilns
446,7410537,7,41,537,MANUFACTURING AND PRODUCTION,INDUSTRIAL FEATURES,Oast Houses
447,7410538,7,41,538,MANUFACTURING AND PRODUCTION,INDUSTRIAL FEATURES,Pipelines
448,7410539,7,41,539,MANUFACTURING AND PRODUCTION,INDUSTRIAL FEATURES,Tanks (Generic)
449,7410540,7,41,540,MANUFACTURING AND PRODUCTION,INDUSTRIAL FEATURES,Travelling Cranes and Gantries
450,7410542,7,41,542,MANUFACTURING AND PRODUCTION,INDUSTRIAL FEATURES,Unspecified Works Or Factories
451,7410543,7,41,543,MANUFACTURING AND PRODUCTION,INDUSTRIAL FEATURES,Water Pumping Stations
452,7420544,7,42,544,MANUFACTURING AND PRODUCTION,INDUSTRIAL PRODUCTS,Abrasive Products and Grinding Equipment
453,7420545,7,42,545,MANUFACTURING AND PRODUCTION,INDUSTRIAL PRODUCTS,Adhesives and Sealants
454,7420546,7,42,546,MANUFACTURING AND PRODUCTION,INDUSTRIAL PRODUCTS,Aeroplanes
455,7420547,7,42,547,MANUFACTURING AND PRODUCTION,INDUSTRIAL PRODUCTS,Agricultural Machinery and Goods
456,7420548,7,42,548,MANUFACTURING AND PRODUCTION,INDUSTRIAL PRODUCTS,Air and Water Filtration
457,7420549,7,42,549,MANUFACTURING AND PRODUCTION,INDUSTRIAL PRODUCTS,Arms and Ammunition
458,7420550,7,42,550,MANUFACTURING AND PRODUCTION,INDUSTRIAL PRODUCTS,"Bearing, Gear and Drive Elements"
459,7420551,7,42,551,MANUFACTURING AND PRODUCTION,INDUSTRIAL PRODUCTS,Beekeeping Supplies
460,7420553,7,42,553,MANUFACTURING AND PRODUCTION,INDUSTRIAL PRODUCTS,"Bricks, Tiles, Clay and Ceramic Products"
461,7420555,7,42,555,MANUFACTURING AND PRODUCTION,INDUSTRIAL PRODUCTS,"Cable, Wire and Fibre Optics"
462,7420557,7,42,557,MANUFACTURING AND PRODUCTION,INDUSTRIAL PRODUCTS,"Colours, Chemicals and Water Softeners and Supplies"
463,7420558,7,42,558,MANUFACTURING AND PRODUCTION,INDUSTRIAL PRODUCTS,Cleaning Equipment and Supplies
464,7420562,7,42,562,MANUFACTURING AND PRODUCTION,INDUSTRIAL PRODUCTS,Concrete Products
465,7420563,7,42,563,MANUFACTURING AND PRODUCTION,INDUSTRIAL PRODUCTS,Cooling and Refrigeration
466,7420564,7,42,564,MANUFACTURING AND PRODUCTION,INDUSTRIAL PRODUCTS,Electrical Components
467,7420565,7,42,565,MANUFACTURING AND PRODUCTION,INDUSTRIAL PRODUCTS,Electrical Motors and Generators
468,7420566,7,42,566,MANUFACTURING AND PRODUCTION,INDUSTRIAL PRODUCTS,Electrical Production and Manipulation Equipment
469,7420567,7,42,567,MANUFACTURING AND PRODUCTION,INDUSTRIAL PRODUCTS,Electronic Equipment
470,7420568,7,42,568,MANUFACTURING AND PRODUCTION,INDUSTRIAL PRODUCTS,Electronic Media
471,7420569,7,42,569,MANUFACTURING AND PRODUCTION,INDUSTRIAL PRODUCTS,Engines
472,7420571,7,42,571,MANUFACTURING AND PRODUCTION,INDUSTRIAL PRODUCTS,Fertilisers
473,7420572,7,42,572,MANUFACTURING AND PRODUCTION,INDUSTRIAL PRODUCTS,Food and Beverage Industry Machinery
474,7420573,7,42,573,MANUFACTURING AND PRODUCTION,INDUSTRIAL PRODUCTS,General Construction Supplies
475,7420574,7,42,574,MANUFACTURING AND PRODUCTION,INDUSTRIAL PRODUCTS,General Purpose Machinery
476,7420575,7,42,575,MANUFACTURING AND PRODUCTION,INDUSTRIAL PRODUCTS,Glass
477,7420576,7,42,576,MANUFACTURING AND PRODUCTION,INDUSTRIAL PRODUCTS,Horticultural Equipment
478,7420577,7,42,577,MANUFACTURING AND PRODUCTION,INDUSTRIAL PRODUCTS,Industrial Coatings and Finishings
479,7420579,7,42,579,MANUFACTURING AND PRODUCTION,INDUSTRIAL PRODUCTS,Tools Including Machine Shops
480,7420580,7,42,580,MANUFACTURING AND PRODUCTION,INDUSTRIAL PRODUCTS,Lifting and Handling Equipment
481,7420581,7,42,581,MANUFACTURING AND PRODUCTION,INDUSTRIAL PRODUCTS,Lubricants and Lubricating Equipment
482,7420582,7,42,582,MANUFACTURING AND PRODUCTION,INDUSTRIAL PRODUCTS,Marine Equipment Including Boats and Ships
483,7420583,7,42,583,MANUFACTURING AND PRODUCTION,INDUSTRIAL PRODUCTS,Measurement and Inspection Equipment
484,7420584,7,42,584,MANUFACTURING AND PRODUCTION,INDUSTRIAL PRODUCTS,"Medical Equipment, Supplies and Pharmaceuticals"
485,7420585,7,42,585,MANUFACTURING AND PRODUCTION,INDUSTRIAL PRODUCTS,"Metals Manufacturers, Fabricators and Stockholders"
486,7420586,7,42,586,MANUFACTURING AND PRODUCTION,INDUSTRIAL PRODUCTS,"Moulds, Dies and Castings"
487,7420588,7,42,588,MANUFACTURING AND PRODUCTION,INDUSTRIAL PRODUCTS,Office and Shop Equipment
488,7420589,7,42,589,MANUFACTURING AND PRODUCTION,INDUSTRIAL PRODUCTS,Ovens and Furnaces
489,7420590,7,42,590,MANUFACTURING AND PRODUCTION,INDUSTRIAL PRODUCTS,Packaging
490,7420591,7,42,591,MANUFACTURING AND PRODUCTION,INDUSTRIAL PRODUCTS,"Paints, Varnishes and Lacquers"
491,7420594,7,42,594,MANUFACTURING AND PRODUCTION,INDUSTRIAL PRODUCTS,Pesticides
492,7420598,7,42,598,MANUFACTURING AND PRODUCTION,INDUSTRIAL PRODUCTS,Printing Related Machinery
493,7420599,7,42,599,MANUFACTURING AND PRODUCTION,INDUSTRIAL PRODUCTS,Published Goods
494,7420600,7,42,600,MANUFACTURING AND PRODUCTION,INDUSTRIAL PRODUCTS,Pumps and Compressors
495,7420601,7,42,601,MANUFACTURING AND PRODUCTION,INDUSTRIAL PRODUCTS,Radar and Telecommunications Equipment
496,7420602,7,42,602,MANUFACTURING AND PRODUCTION,INDUSTRIAL PRODUCTS,Road Maintenance Equipment
497,7420603,7,42,603,MANUFACTURING AND PRODUCTION,INDUSTRIAL PRODUCTS,"Ropes, Nets and Cordage"
498,7420604,7,42,604,MANUFACTURING AND PRODUCTION,INDUSTRIAL PRODUCTS,"Rubber, Silicones and Plastics"
499,7420605,7,42,605,MANUFACTURING AND PRODUCTION,INDUSTRIAL PRODUCTS,"Seals, Tapes, Taps and Valves"
500,7420606,7,42,606,MANUFACTURING AND PRODUCTION,INDUSTRIAL PRODUCTS,Signs
501,7420607,7,42,607,MANUFACTURING AND PRODUCTION,INDUSTRIAL PRODUCTS,Special Purpose Machinery and Equipment
502,7420608,7,42,608,MANUFACTURING AND PRODUCTION,INDUSTRIAL PRODUCTS,"Textiles, Fabrics, Silk and Machinery"
503,7420609,7,42,609,MANUFACTURING AND PRODUCTION,INDUSTRIAL PRODUCTS,"Stationery, Stamps, Tags and Labels"
504,7420612,7,42,612,MANUFACTURING AND PRODUCTION,INDUSTRIAL PRODUCTS,General Manufacturing
505,7420613,7,42,613,MANUFACTURING AND PRODUCTION,INDUSTRIAL PRODUCTS,Vehicle Bodybuilders
506,7420614,7,42,614,MANUFACTURING AND PRODUCTION,INDUSTRIAL PRODUCTS,Vehicle Components
507,7420615,7,42,615,MANUFACTURING AND PRODUCTION,INDUSTRIAL PRODUCTS,Vehicles
508,7420616,7,42,616,MANUFACTURING AND PRODUCTION,INDUSTRIAL PRODUCTS,"Wood Products Including Charcoal, Paper, Card and Board"
509,7420617,7,42,617,MANUFACTURING AND PRODUCTION,INDUSTRIAL PRODUCTS,Workwear
510,7420765,7,42,765,MANUFACTURING AND PRODUCTION,INDUSTRIAL PRODUCTS,Educational Equipment and Supplies
511,7420767,7,42,767,MANUFACTURING AND PRODUCTION,INDUSTRIAL PRODUCTS,Ice
512,7420781,7,42,781,MANUFACTURING AND PRODUCTION,INDUSTRIAL PRODUCTS,"Fences, Gates and Railings"
513,7420783,7,42,783,MANUFACTURING AND PRODUCTION,INDUSTRIAL PRODUCTS,Access Equipment
514,7420784,7,42,784,MANUFACTURING AND PRODUCTION,INDUSTRIAL PRODUCTS,Car Ports and Steel Buildings
515,7420787,7,42,787,MANUFACTURING AND PRODUCTION,INDUSTRIAL PRODUCTS,"Waste Collection, Processing and Disposal Equipment"
516,7420788,7,42,788,MANUFACTURING AND PRODUCTION,INDUSTRIAL PRODUCTS,Glass Fibre Services
517,7420791,7,42,791,MANUFACTURING AND PRODUCTION,INDUSTRIAL PRODUCTS,"Shelving, Storage, Safes and Vaults"
518,9460656,9,46,656,RETAIL,CLOTHING AND ACCESSORIES,Clothing
519,9460657,9,46,657,RETAIL,CLOTHING AND ACCESSORIES,Footwear
520,9460659,9,46,659,RETAIL,CLOTHING AND ACCESSORIES,Jewellery and Fashion Accessories
521,9460660,9,46,660,RETAIL,CLOTHING AND ACCESSORIES,Lingerie and Hosiery
522,9460797,9,46,797,RETAIL,CLOTHING AND ACCESSORIES,Baby and Nursery Equipment and Children's Clothes
523,9470661,9,47,661,RETAIL,"FOOD, DRINK AND MULTI ITEM RETAIL",Bakeries
524,9470662,9,47,662,RETAIL,"FOOD, DRINK AND MULTI ITEM RETAIL",Butchers
525,9470663,9,47,663,RETAIL,"FOOD, DRINK AND MULTI ITEM RETAIL",Confectioners
526,9470665,9,47,665,RETAIL,"FOOD, DRINK AND MULTI ITEM RETAIL",Delicatessens
527,9470666,9,47,666,RETAIL,"FOOD, DRINK AND MULTI ITEM RETAIL",Fishmongers
528,9470667,9,47,667,RETAIL,"FOOD, DRINK AND MULTI ITEM RETAIL",Frozen Foods
529,9470668,9,47,668,RETAIL,"FOOD, DRINK AND MULTI ITEM RETAIL",Green and New Age Goods
530,9470669,9,47,669,RETAIL,"FOOD, DRINK AND MULTI ITEM RETAIL","Grocers, Farm Shops and Pick Your Own"
531,9470670,9,47,670,RETAIL,"FOOD, DRINK AND MULTI ITEM RETAIL",Herbs and Spices
532,9470671,9,47,671,RETAIL,"FOOD, DRINK AND MULTI ITEM RETAIL",Alcoholic Drinks Including Off Licences and Wholesalers
533,9470672,9,47,672,RETAIL,"FOOD, DRINK AND MULTI ITEM RETAIL","Organic, Health, Gourmet and Kosher Foods"
534,9470699,9,47,699,RETAIL,"FOOD, DRINK AND MULTI ITEM RETAIL",Convenience Stores and Independent Supermarkets
535,9470703,9,47,703,RETAIL,"FOOD, DRINK AND MULTI ITEM RETAIL",Livestock Markets
536,9470705,9,47,705,RETAIL,"FOOD, DRINK AND MULTI ITEM RETAIL",Markets
537,9470768,9,47,768,RETAIL,"FOOD, DRINK AND MULTI ITEM RETAIL",Cash and Carry
538,9470798,9,47,798,RETAIL,"FOOD, DRINK AND MULTI ITEM RETAIL",Tea and Coffee Merchants
539,9470819,9,47,819,RETAIL,"FOOD, DRINK AND MULTI ITEM RETAIL",Supermarket Chains
540,9480674,9,48,674,RETAIL,"HOUSEHOLD, OFFICE, LEISURE AND GARDEN",Books and Maps
541,9480675,9,48,675,RETAIL,"HOUSEHOLD, OFFICE, LEISURE AND GARDEN","Carpets, Rugs, Soft Furnishings and Needlecraft"
542,9480676,9,48,676,RETAIL,"HOUSEHOLD, OFFICE, LEISURE AND GARDEN",China and Glassware
543,9480677,9,48,677,RETAIL,"HOUSEHOLD, OFFICE, LEISURE AND GARDEN","Cosmetics, Toiletries, Perfumes and Hairdressing Supplies"
544,9480678,9,48,678,RETAIL,"HOUSEHOLD, OFFICE, LEISURE AND GARDEN",Craft Supplies
545,9480679,9,48,679,RETAIL,"HOUSEHOLD, OFFICE, LEISURE AND GARDEN",Cycles and Accessories
546,9480680,9,48,680,RETAIL,"HOUSEHOLD, OFFICE, LEISURE AND GARDEN",Diy and Home Improvement
547,9480682,9,48,682,RETAIL,"HOUSEHOLD, OFFICE, LEISURE AND GARDEN",Furniture
548,9480683,9,48,683,RETAIL,"HOUSEHOLD, OFFICE, LEISURE AND GARDEN",Garden Centres and Nurseries
549,9480684,9,48,684,RETAIL,"HOUSEHOLD, OFFICE, LEISURE AND GARDEN",Garden Machinery and Furniture
550,9480685,9,48,685,RETAIL,"HOUSEHOLD, OFFICE, LEISURE AND GARDEN",General Household Goods
551,9480686,9,48,686,RETAIL,"HOUSEHOLD, OFFICE, LEISURE AND GARDEN","Hobby, Sports and Pastime Products"
552,9480687,9,48,687,RETAIL,"HOUSEHOLD, OFFICE, LEISURE AND GARDEN","Leather Goods, Luggage and Travel Accessories Including Handbags"
553,9480688,9,48,688,RETAIL,"HOUSEHOLD, OFFICE, LEISURE AND GARDEN",Lighting
554,9480689,9,48,689,RETAIL,"HOUSEHOLD, OFFICE, LEISURE AND GARDEN",Music and Video
555,9480690,9,48,690,RETAIL,"HOUSEHOLD, OFFICE, LEISURE AND GARDEN",Musical Instruments
556,9480691,9,48,691,RETAIL,"HOUSEHOLD, OFFICE, LEISURE AND GARDEN","Pets, Supplies and Services"
557,9480693,9,48,693,RETAIL,"HOUSEHOLD, OFFICE, LEISURE AND GARDEN",Camping and Caravanning
558,9480694,9,48,694,RETAIL,"HOUSEHOLD, OFFICE, LEISURE AND GARDEN",Travel Agencies
559,9480700,9,48,700,RETAIL,"HOUSEHOLD, OFFICE, LEISURE AND GARDEN",Department Stores
560,9480701,9,48,701,RETAIL,"HOUSEHOLD, OFFICE, LEISURE AND GARDEN",Discount Stores
561,9480704,9,48,704,RETAIL,"HOUSEHOLD, OFFICE, LEISURE AND GARDEN",Mail Order and Catalogue Stores
562,9480708,9,48,708,RETAIL,"HOUSEHOLD, OFFICE, LEISURE AND GARDEN",Shopping Centres and Retail Parks
563,9480710,9,48,710,RETAIL,"HOUSEHOLD, OFFICE, LEISURE AND GARDEN",Surplus Goods
564,9480712,9,48,712,RETAIL,"HOUSEHOLD, OFFICE, LEISURE AND GARDEN",Art and Antiques
565,9480714,9,48,714,RETAIL,"HOUSEHOLD, OFFICE, LEISURE AND GARDEN",Charity Shops
566,9480716,9,48,716,RETAIL,"HOUSEHOLD, OFFICE, LEISURE AND GARDEN",Florists
567,9480717,9,48,717,RETAIL,"HOUSEHOLD, OFFICE, LEISURE AND GARDEN",Gifts and Cards
568,9480718,9,48,718,RETAIL,"HOUSEHOLD, OFFICE, LEISURE AND GARDEN",Party Goods and Novelties
569,9480719,9,48,719,RETAIL,"HOUSEHOLD, OFFICE, LEISURE AND GARDEN",Secondhand Goods
570,9480720,9,48,720,RETAIL,"HOUSEHOLD, OFFICE, LEISURE AND GARDEN",Computer Supplies
571,9480721,9,48,721,RETAIL,"HOUSEHOLD, OFFICE, LEISURE AND GARDEN",Domestic Appliances
572,9480722,9,48,722,RETAIL,"HOUSEHOLD, OFFICE, LEISURE AND GARDEN",Electrical Goods and Components
573,9480724,9,48,724,RETAIL,"HOUSEHOLD, OFFICE, LEISURE AND GARDEN",Photographic and Optical Equipment
574,9480725,9,48,725,RETAIL,"HOUSEHOLD, OFFICE, LEISURE AND GARDEN",Stationery and Office Supplies
575,9480726,9,48,726,RETAIL,"HOUSEHOLD, OFFICE, LEISURE AND GARDEN",Telephones and Telephone Cards
576,9480763,9,48,763,RETAIL,"HOUSEHOLD, OFFICE, LEISURE AND GARDEN",Post Offices
577,9480764,9,48,764,RETAIL,"HOUSEHOLD, OFFICE, LEISURE AND GARDEN","Garages, Garden and Portable Buildings"
578,9480766,9,48,766,RETAIL,"HOUSEHOLD, OFFICE, LEISURE AND GARDEN",Fuel Distributors and Suppliers
579,9480824,9,48,824,RETAIL,"HOUSEHOLD, OFFICE, LEISURE AND GARDEN",Adult Shops
580,9480827,9,48,827,RETAIL,"HOUSEHOLD, OFFICE, LEISURE AND GARDEN",Comics Bookshops
581,9480828,9,48,828,RETAIL,"HOUSEHOLD, OFFICE, LEISURE AND GARDEN",Computer Shops
582,9480831,9,48,831,RETAIL,"HOUSEHOLD, OFFICE, LEISURE AND GARDEN",Potteries
583,9490695,9,49,695,RETAIL,MOTORING,New Vehicles
584,9490696,9,49,696,RETAIL,MOTORING,Secondhand Vehicles
585,9490697,9,49,697,RETAIL,MOTORING,Vehicle Auctions
586,9490698,9,49,698,RETAIL,MOTORING,Vehicle Parts and Accessories
587,10530727,10,53,727,TRANSPORT,AIR,Aeronautical Features
588,10530728,10,53,728,TRANSPORT,AIR,Airports and Landing Strips
589,10530729,10,53,729,TRANSPORT,AIR,Helipads
590,10540730,10,54,730,TRANSPORT,ROAD AND RAIL,Bridges
591,10540733,10,54,733,TRANSPORT,ROAD AND RAIL,Cattle Grids
592,10540734,10,54,734,TRANSPORT,ROAD AND RAIL,Fords and Level Crossings
593,10540735,10,54,735,TRANSPORT,ROAD AND RAIL,Motorway Service Stations
594,10540736,10,54,736,TRANSPORT,ROAD AND RAIL,Parking
595,10540737,10,54,737,TRANSPORT,ROAD AND RAIL,Petrol and Fuel Stations
596,10540739,10,54,739,TRANSPORT,ROAD AND RAIL,Roadside Telephone Boxes
597,10540740,10,54,740,TRANSPORT,ROAD AND RAIL,Signalling Facilities
598,10540742,10,54,742,TRANSPORT,ROAD AND RAIL,Tunnels
599,10540743,10,54,743,TRANSPORT,ROAD AND RAIL,Viaducts
600,10540744,10,54,744,TRANSPORT,ROAD AND RAIL,Weighbridges
601,10550746,10,55,746,TRANSPORT,WALKING,"Finger Posts, Guide Posts and Cairns"
602,10550747,10,55,747,TRANSPORT,WALKING,Footbridges
603,10550749,10,55,749,TRANSPORT,WALKING,Stepping Stones
604,10550750,10,55,750,TRANSPORT,WALKING,Subways
605,10560751,10,56,751,TRANSPORT,WATER,Aqueducts
606,10560752,10,56,752,TRANSPORT,WATER,Locks
607,10560753,10,56,753,TRANSPORT,WATER,Moorings and Unloading Facilities
608,10560754,10,56,754,TRANSPORT,WATER,Rivers and Canal Organisations and Infrastructure
609,10560755,10,56,755,TRANSPORT,WATER,"Weirs, Sluices and Dams"
610,10560760,10,56,760,TRANSPORT,WATER,Ferries and Ferry Terminals
611,10570731,10,57,731,TRANSPORT,"PUBLIC TRANSPORT, STATIONS AND INFRASTRUCTURE","Bus and Coach Stations, Depots and Companies"
612,10570738,10,57,738,TRANSPORT,"PUBLIC TRANSPORT, STATIONS AND INFRASTRUCTURE","Railway Stations, Junctions and Halts"
613,10570756,10,57,756,TRANSPORT,"PUBLIC TRANSPORT, STATIONS AND INFRASTRUCTURE","Tram, Metro and Light Railway Stations and Stops"
614,10570758,10,57,758,TRANSPORT,"PUBLIC TRANSPORT, STATIONS AND INFRASTRUCTURE",Taxi Ranks
615,10570761,10,57,761,TRANSPORT,"PUBLIC TRANSPORT, STATIONS AND INFRASTRUCTURE",Underground Network Stations
616,10570794,10,57,794,TRANSPORT,"PUBLIC TRANSPORT, STATIONS AND INFRASTRUCTURE",London Underground Entrances
617,10590732,10,59,732,TRANSPORT,BUS TRANSPORT,Bus Stops
618,10590759,10,59,759,TRANSPORT,BUS TRANSPORT,Hail and Ride Zones
